City_ID,City,Lat,Lng,Max Temp,Humidity,Cloudiness,Wind Speed,Country,Date
0,grytviken,-54.2811,-36.5092,-10.57,76,42,6.12,GS,1719273901
1,yuzhno-kurilsk,44.0306,145.8556,10.81,99,100,3.23,RU,1719273845
2,smara,26.7384,-11.6719,19.68,78,0,5.3,EH,1719273903
3,greenwood,34.1668,-82.1165,32.93,41,14,2.99,US,1719273905
4,adamstown,-25.066,-130.1015,22.7,87,56,6.64,PN,1719273906
5,beledweyne,4.7358,45.2036,24.08,77,99,8.29,SO,1719273907
6,kailua-kona,19.6406,-155.9956,26.82,82,13,0.89,US,1719273672
7,qaqortoq,60.7167,-46.0333,1.28,91,39,2.41,GL,1719273910
8,copiapo,-27.3667,-70.3333,11.35,83,43,2.08,CL,1719273756
9,nueva guinea,11.6876,-84.4562,25.62,89,95,3.27,NI,1719273682
10,geraldton,-28.7667,114.6,11.91,70,0,4.48,AU,1719273914
11,zemio,5.0314,25.1361,21.17,91,97,1.16,CF,1719273916
12,waitangi,-43.9535,-176.5597,10.46,77,42,4.47,NZ,1719273917
13,linxia chengguanzhen,35.6003,103.2064,17.09,56,1,0.78,CN,1719273918
14,puerto natales,-51.7236,-72.4875,-4.1,88,57,2.43,CL,1719273851
15,vorgashor,67.5833,63.95,12.14,62,66,5.25,RU,1719273661
16,aflou,34.1128,2.1023,22.14,40,4,2.36,DZ,1719273924
17,invercargill,-46.4,168.35,6.68,99,88,1.26,NZ,1719273925
18,west island,-12.1568,96.8225,27.45,74,83,9.55,CC,1719273927
19,iqaluit,63.7506,-68.5145,1.67,87,97,2.44,CA,1719273928
20,edinburgh of the seven seas,-37.0676,-12.3116,16.09,84,80,13.92,SH,1719273930
21,port-aux-francais,-49.35,70.2167,0.88,69,21,5.51,TF,1719273928
22,khandyga,62.6667,135.6,24.06,45,26,1.33,RU,1719273932
23,puerto aysen,-45.4,-72.7,1.51,97,84,1.44,CL,1719273748
24,vilyuysk,63.7553,121.6247,23.21,55,71,2.6,RU,1719273935
25,cranbrook,49.4999,-115.7688,24.38,19,12,4.58,CA,1719273839
26,arish,31.1316,33.7984,24.93,77,0,1.74,EG,1719273938
27,yellowknife,62.456,-114.3525,16.9,47,81,3.58,CA,1719273677
28,kingston,17.997,-76.7936,27.95,73,29,1.33,JM,1719273937
29,akjoujt,19.6969,-14.4164,33.87,15,0,5.28,MR,1719273903
30,hermanus,-34.4187,19.2345,10.45,83,22,3.2,ZA,1719273943
31,dunhua,43.3725,128.2425,14.35,88,92,2.76,CN,1719273944
32,chonchi,-42.6128,-73.8092,3.95,94,28,0.73,CL,1719273946
33,doctor juan leon mallorquin,-25.4,-55.2667,16.49,98,100,2.42,PY,1719273947
34,albany,42.6001,-73.9662,19.76,73,100,5.55,US,1719273948
35,vadso,70.0744,29.7487,9.77,83,100,3.27,NO,1719273950
36,east london,-33.0153,27.9116,18.77,86,52,5.37,ZA,1719273951
37,talnakh,69.4865,88.3972,15.27,76,99,1.02,RU,1719273685
38,saipan,15.1355,145.701,28.99,74,31,8.94,MP,1719273775
39,papatowai,-46.5619,169.4708,10.02,95,99,3.64,NZ,1719273668
40,wailua homesteads,22.0669,-159.378,26.03,75,73,4.02,US,1719273957
41,blackmans bay,-43.0167,147.3167,7.63,88,87,3.46,AU,1719273958
42,jamestown,42.097,-79.2353,21.51,85,0,3.05,US,1719273959
43,howrah,22.5892,88.3103,29.92,73,100,4.44,IN,1719273961
44,petropavlovsk-kamchatsky,53.0452,158.6483,10.93,79,20,2.8,RU,1719273962
45,port mathurin,-19.6833,63.4167,23.29,75,19,11.02,MU,1719273963
46,meadow lake,34.8014,-106.5436,32.34,28,70,8.39,US,1719273965
47,sindirgi,39.2413,28.1784,17.92,94,0,1.98,TR,1719273966
48,bethel,41.3712,-73.414,20.98,76,89,2.68,US,1719273689
49,pisco,-13.7,-76.2167,15.67,90,4,1.9,PE,1719273843
50,slave lake,55.2834,-114.769,9.85,98,100,6.39,CA,1719273970
51,kotel'nich,58.3089,48.348,6.92,76,99,4.99,RU,1719273972
52,gadzhiyevo,69.2551,33.3362,8.53,94,99,6.37,RU,1719273835
53,aasiaat,68.7098,-52.8699,2.7,90,99,3.76,GL,1719273975
54,lastoursville,-0.8143,12.7287,22.88,97,97,0.88,GA,1719273976
55,bang yai,13.8434,100.3625,25.29,89,100,2.88,TH,1719273977
56,hovd,48.0056,91.6419,22.16,36,13,1.17,MN,1719273979
57,plouzane,48.3833,-4.6167,14.38,91,98,4.63,FR,1719273980
58,miles city,46.4083,-105.8406,29.61,21,10,2.42,US,1719273683
59,fort bragg,35.139,-79.006,32.47,58,66,3.65,US,1719273983
60,dudinka,69.4058,86.1778,12.48,78,94,5.89,RU,1719273984
61,margaret river,-33.95,115.0667,8.2,72,47,2.73,AU,1719273985
62,bredasdorp,-34.5322,20.0403,10.87,90,71,0.57,ZA,1719273987
63,ha giang,22.8333,104.9833,24.89,98,100,1.09,VN,1719273988
64,lazaro cardenas,17.9583,-102.2,28.16,73,80,3.8,MX,1719273989
65,isafjordur,66.0755,-23.124,6.35,83,98,3.21,IS,1719273991
66,manado,1.487,124.8455,27.06,82,100,0.69,ID,1719273895
67,port hedland,-20.3167,118.5667,19.14,48,47,6.33,AU,1719273994
68,kharp,66.8014,65.8081,13.36,60,89,6.46,RU,1719273995
69,selfoss,63.9331,-20.9971,7.8,85,100,6.83,IS,1719273996
70,port augusta,-32.5,137.7667,12.02,62,8,6.65,AU,1719273998
71,balqash,46.8481,74.995,20.22,74,68,3.42,KZ,1719273999
72,westport,41.1415,-73.3579,22.38,68,64,4.47,US,1719274000
73,vincennes,48.85,2.4333,19.75,80,11,1.89,FR,1719274002
74,murashi,59.3999,48.9615,6.66,76,100,4.51,RU,1719274003
75,port lincoln,-34.7333,135.8667,9.97,86,87,10.01,AU,1719273847
76,miracema do tocantins,-9.5618,-48.3967,24.62,49,100,0.7,BR,1719274006
77,port blair,11.6667,92.75,27.4,86,100,9.73,IN,1719274007
78,arraial do cabo,-22.9661,-42.0278,23.84,77,1,8.56,BR,1719273768
79,cidreira,-30.1811,-50.2056,13.1,71,30,4.41,BR,1719273737
80,polyarnyy,69.1989,33.4478,8.19,95,100,6.08,RU,1719273816
81,college,64.8569,-147.8028,25.5,40,88,0.89,US,1719273955
82,maykop,44.6078,40.1058,18.86,70,0,2.25,RU,1719274015
83,constantia,44.1833,28.65,21.62,78,1,4.39,RO,1719274017
84,guerrero negro,27.9769,-114.0611,22.9,69,5,7.55,MX,1719273845
85,severo-yeniseyskiy,60.3725,93.0408,17.92,55,1,0.44,RU,1719274019
86,harper,4.375,-7.7169,25.41,83,97,4.33,LR,1719274021
87,ribeira grande,38.5167,-28.7,19.87,84,95,2.68,PT,1719274024
88,atafu village,-8.5421,-172.5159,28.29,74,95,10.64,TK,1719273892
89,choma,-16.8065,26.9531,9.65,79,0,1.74,ZM,1719274026
90,roslyakovo,69.043,33.1991,8.41,95,91,4.09,RU,1719274028
91,lihue,21.9789,-159.3672,26.52,75,67,7.25,US,1719273730
92,ewo,-0.8725,14.8206,25.69,71,100,1.26,CG,1719273863
93,bilibino,68.0546,166.4372,15.59,32,1,5.33,RU,1719274032
94,longyearbyen,78.2186,15.6401,7.07,82,46,1.48,SJ,1719274033
95,olonkinbyen,70.9221,-8.7187,1.81,98,100,5.91,SJ,1719274034
96,sena madureira,-9.0656,-68.6569,27.54,58,56,0.99,BR,1719274036
97,mili,6.0815,171.735,28.63,77,54,6.33,MH,1719274037
98,cabedelo,-6.9811,-34.8339,24.89,84,50,3.18,BR,1719274038
99,san antonio de pale,-1.4014,5.6325,23.35,91,64,3.76,GQ,1719274040
100,bonthe,7.5264,-12.505,24.98,90,100,2.06,SL,1719273752
101,shingu,33.7333,135.9833,28.28,70,100,3.47,JP,1719274043
102,alice springs,-23.7,133.8833,13.28,39,0,2.48,AU,1719274044
103,port elizabeth,-33.918,25.5701,16.29,87,94,4.02,ZA,1719274046
104,flying fish cove,-10.4217,105.6791,26.33,78,90,8.43,CX,1719274047
105,pangai,-19.8,-174.35,23.82,70,97,6.77,TO,1719274039
106,north battleford,52.7834,-108.2847,18.56,62,36,8.97,CA,1719273916
107,ushuaia,-54.8,-68.3,-4.76,82,98,3.02,AR,1719273780
108,tamanrasset,22.785,5.5228,30.98,16,98,2.76,DZ,1719274054
109,loa janan,-0.583,117.095,23.91,89,97,0.22,ID,1719274032
110,dalbandin,28.8947,64.4101,29.07,18,0,2.58,PK,1719274056
111,lala,7.9745,123.7458,26.01,88,99,0.99,PH,1719274058
112,thompson,55.7435,-97.8558,17.18,78,100,4.84,CA,1719274059
113,qacha's nek,-30.1154,28.6894,4.34,47,1,1.11,LS,1719274060
114,verkh-chebula,56.0308,87.6218,21.54,88,5,0.61,RU,1719274042
115,rombas,49.2491,6.0941,18.01,89,1,2.5,FR,1719274063
116,nova sintra,14.8667,-24.7167,23.65,82,0,7.58,CV,1719274065
117,saint-pierre,-21.3393,55.4781,16.77,80,6,6.31,RE,1719273905
118,haiku-pauwela,20.9219,-156.3051,30.68,71,22,4.47,US,1719274067
119,labrador city,52.9463,-66.9114,12.48,50,28,4.64,CA,1719274069
120,luanco,43.6152,-5.7934,19.7,95,0,4.47,ES,1719274070
121,zeya,53.75,127.2667,24.28,48,8,0.45,RU,1719274071
122,dampit,-8.2116,112.7493,22.18,93,99,1.59,ID,1719274073
123,san luis de la loma,17.2706,-100.8939,27.53,77,99,1.54,MX,1719274074
124,challapata,-18.9,-66.7667,8.89,30,0,0.78,BO,1719274075
125,sisimiut,66.9395,-53.6735,3.87,87,100,2.26,GL,1719273920
126,ola,59.5833,151.2833,9.65,87,97,3.13,RU,1719273878
127,crane,31.3974,-102.3501,35.3,31,0,7.31,US,1719273819
128,tiksi,71.6872,128.8694,5.34,75,100,1.05,RU,1719274081
129,bel ombre,-4.6167,55.4167,26.39,77,72,5.84,SC,1719274082
130,nola,40.922,14.5329,22.44,84,22,1.11,IT,1719274084
131,uturoa,-16.7333,-151.4333,24.97,69,91,8.19,PF,1719274085
132,clinton,42.587,-82.9199,26.23,60,3,0.89,US,1719273963
133,puerto ayora,-0.7393,-90.3518,21.97,94,82,0.89,EC,1719274088
134,yichang,30.7144,111.2847,25.17,78,100,0.85,CN,1719274089
135,lewiston orchards,46.3804,-116.9754,27.37,33,20,1.96,US,1719274034
136,redding,40.5865,-122.3917,37.76,11,0,0.45,US,1719274092
137,mammoth lakes,37.6485,-118.9721,22.76,34,6,6.92,US,1719274093
138,tura,25.5198,90.2201,25.33,96,100,2.71,IN,1719274095
139,khovd,48.0056,91.6419,22.16,36,13,1.17,MN,1719273979
140,enewetak,11.3474,162.3373,28.04,81,40,9.33,MH,1719274097
141,kuragino,53.8975,92.6725,18.92,85,8,1.38,RU,1719274099
142,dayrut,27.556,30.8076,32.28,19,0,3.34,EG,1719274100
143,ponta delgada,37.7333,-25.6667,18.44,99,92,4.54,PT,1719274102
144,kolonia town,6.964,158.206,28.54,81,73,8.07,FM,1719274103
145,abra pampa,-22.7205,-65.697,8.93,14,1,4.87,AR,1719274104
146,taulaga,-11.0553,-171.0883,27.91,64,82,9.09,AS,1719274106
147,ilulissat,69.2167,-51.1,1.9,92,100,2.13,GL,1719274107
148,salym,60.0625,71.4789,18.7,95,70,2.58,RU,1719274108
149,dunedin,-45.8742,170.5036,10.45,99,100,2.8,NZ,1719274110
150,agat village,13.3886,144.6585,30.76,78,7,3.13,GU,1719274111
151,palmas,-10.2128,-48.3603,27.17,39,56,2.08,BR,1719273506
152,muhos,64.808,25.9931,10.83,80,100,2.05,FI,1719274114
153,saldanha,-33.0117,17.9442,13.45,83,0,7.39,ZA,1719274115
154,kiunga,-6.1219,141.2906,25.89,93,100,0.54,PG,1719274117
155,huarmey,-10.0681,-78.1522,17.86,83,1,4.36,PE,1719273856
156,lebu,-37.6167,-73.65,7.5,83,0,4.15,CL,1719273829
157,lethem,3.3803,-59.7968,25.07,86,13,2.25,GY,1719274121
158,bafilo,9.35,1.2667,22.89,88,95,1.9,TG,1719274122
159,luau,-10.7073,22.2247,14.89,49,1,2.15,AO,1719274123
160,howard springs,-12.497,131.047,24.37,50,13,3.37,AU,1719274125
161,moravska trebova,49.7579,16.6643,14.99,69,2,0.45,CZ,1719274126
162,ancud,-41.8697,-73.8203,5.74,85,1,1.5,CL,1719273931
163,elkins,38.9259,-79.8467,22.78,75,56,1.48,US,1719274129
164,makokou,0.5738,12.8642,21.68,97,100,0.83,GA,1719274130
165,hotan,37.0997,79.9269,25.57,31,100,2.68,CN,1719274132
166,fort st. john,56.2499,-120.8529,8.58,98,100,4.18,CA,1719274004
167,stanley,54.868,-1.6985,17.5,84,4,1.27,GB,1719274136
168,tual,-5.6667,132.75,25.06,91,100,7.13,ID,1719273859
169,kalaleh,37.3807,55.4916,26.45,43,88,1.76,IR,1719274138
170,otjiwarongo,-20.4637,16.6477,10.68,54,0,6.16,NA,1719274140
171,holualoa,19.6228,-155.9522,24.75,82,12,0.89,US,1719273988
172,ghanzi,-21.5667,21.7833,9.45,60,2,3.61,BW,1719274142
173,inderbor,48.55,51.7833,19.68,75,100,1.23,KZ,1719274144
174,brasileia,-11.0161,-68.7481,29.31,46,41,0.65,BR,1719274145
175,buka,40.8108,69.1986,22.63,46,0,3.12,UZ,1719274148
176,lorengau,-2.0226,147.2712,28.75,81,91,4.97,PG,1719273970
177,punta arenas,-53.15,-70.9167,0.48,83,83,5.39,CL,1719274151
178,rongelap,11.1635,166.8941,28.08,78,82,10.0,MH,1719274152
179,brisas de zicatela,15.8369,-97.0419,27.67,80,100,2.75,MX,1719274153
180,iitti,60.8949,26.3387,12.39,95,75,2.62,FI,1719274155
181,hamilton,39.1834,-84.5333,29.38,49,0,0.45,US,1719273382
182,gimbi,9.1667,35.8333,13.1,91,78,1.03,ET,1719274159
183,boguchany,58.3814,97.4531,18.54,61,14,2.04,RU,1719274160
184,sinabang,2.4803,96.3801,26.15,84,100,1.35,ID,1719274162
185,kayangel,8.0823,134.7173,28.8,80,100,6.73,PW,1719274163
186,ulcinj,41.9294,19.2244,22.77,65,2,3.5,ME,1719274164
187,siem reap,13.5,104.0,24.0,98,100,1.62,KH,1719274166
188,leh,34.1667,77.5833,9.62,56,22,1.64,IN,1719274075
189,mamuju,-2.6748,118.8885,25.78,88,88,0.36,ID,1719274032
190,sinop,41.7711,34.8709,16.31,62,0,0.5,TR,1719274170
191,katsuura,35.1333,140.3,24.95,86,75,6.81,JP,1719274171
192,sogndal,61.2283,7.1003,13.88,81,3,1.7,NO,1719274173
193,susuman,62.7833,148.1667,20.71,44,35,4.11,RU,1719274174
194,yerofey pavlovich,53.9667,121.9667,26.08,40,90,1.44,RU,1719274175
195,sidareja,-7.4846,108.7923,24.13,94,88,0.43,ID,1719274177
196,pallasovka,50.05,46.8833,17.19,79,58,2.42,RU,1719274178
197,bamboo flat,11.7,92.7167,27.01,83,99,8.64,IN,1719274180
198,kenai,60.5544,-151.2583,19.45,79,77,6.47,US,1719273967
199,lompoc,34.6391,-120.4579,34.32,58,31,2.68,US,1719273961
200,sitka,57.0531,-135.33,12.44,94,100,1.45,US,1719274184
201,whitehorse,60.7161,-135.0538,23.39,30,56,1.34,CA,1719274185
202,salalah,17.0151,54.0924,28.12,86,100,3.57,OM,1719274186
203,yeraliyev,43.2,51.65,23.03,66,0,2.84,KZ,1719274123
204,st. john's,47.5649,-52.7093,15.71,97,100,1.34,CA,1719274158
205,cabo san lucas,22.8909,-109.9124,32.32,62,8,7.15,MX,1719274191
206,new norfolk,-42.7826,147.0587,8.29,75,91,1.07,AU,1719274192
207,natchez,31.5604,-91.4032,26.25,61,46,1.43,US,1719274193
208,hell-ville,-13.4,48.2667,24.97,70,4,3.57,MG,1719274195
209,richards bay,-28.783,32.0377,17.93,85,0,4.4,ZA,1719274036
210,vilyuchinsk,52.9306,158.4028,12.04,79,33,2.68,RU,1719274199
211,mildura,-34.2,142.15,10.6,69,90,6.39,AU,1719274200
212,morrope,-6.5417,-80.0111,18.02,81,35,6.34,PE,1719274201
213,avarua,-21.2078,-159.775,21.37,67,84,9.24,CK,1719274203
214,kavieng,-2.5744,150.7967,29.61,73,86,5.53,PG,1719274204
215,palmer,42.1584,-72.3287,20.51,81,88,4.29,US,1719274018
216,tofol,5.3248,163.0078,29.09,76,32,6.61,FM,1719274207
217,doboj,44.7347,18.0878,18.14,93,98,1.35,BA,1719274006
218,valparaiso,-33.0393,-71.6273,12.3,81,53,5.41,CL,1719274107
219,solone,48.2081,34.8721,15.33,88,5,3.87,UA,1719274140
220,achacachi,-16.05,-68.6833,6.44,87,1,4.18,BO,1719274214
221,malango,-2.9627,119.9001,21.92,88,39,0.73,ID,1719274215
222,minas de marcona,-15.2119,-75.1103,12.26,85,8,5.96,PE,1719274217
223,bikenibeu village,1.3673,173.1241,28.83,73,65,7.29,KI,1719274218
224,danshui,22.7984,114.4672,29.57,70,87,2.95,CN,1719274219
225,dakhla,23.6848,-15.958,18.77,93,0,8.14,EH,1719274008
226,tolanaro,-25.0319,46.9987,19.38,86,71,4.83,MG,1719274222
227,hilo,19.7297,-155.09,31.27,81,27,0.45,US,1719274224
228,saint-francois,46.4154,3.9054,19.12,97,1,0.96,FR,1719274225
229,port alfred,-33.5906,26.891,15.1,92,78,1.34,ZA,1719274227
230,vila franca do campo,37.7167,-25.4333,18.27,99,91,3.5,PT,1719274228
231,ust-nera,64.5667,143.2,21.09,48,88,2.89,RU,1719274229
232,port moresby,-9.4431,147.1797,27.77,79,57,0.48,PG,1719274231
233,tazovsky,67.4667,78.7,14.42,79,97,4.81,RU,1719274232
234,al kharijah,25.4514,30.5464,30.9,15,1,3.54,EG,1719274233
235,shanwei,22.782,115.3475,28.69,78,93,2.87,CN,1719274182
236,kodiak,57.79,-152.4072,12.46,86,100,2.3,US,1719274236
237,vernon,50.2581,-119.2691,26.27,38,66,1.79,CA,1719274005
238,sao joao da barra,-21.6403,-41.0511,23.85,88,0,7.12,BR,1719274239
239,mar del plata,-38.0023,-57.5575,7.27,76,97,2.24,AR,1719273753
240,kaa-khem,51.6833,94.7333,22.31,51,9,0.49,RU,1719274241
241,mukalla,14.5425,49.1242,29.47,81,93,4.13,YE,1719274243
242,sao vicente,-23.9631,-46.3919,24.04,26,38,5.22,BR,1719273976
243,nuuk,64.1835,-51.7216,3.95,80,100,4.15,GL,1719274126
244,trincomalee,8.5711,81.2335,27.98,75,100,10.61,LK,1719274247
245,bethanie,-26.4833,17.15,12.15,39,0,1.46,NA,1719274248
246,tierp,60.3427,17.5181,15.55,82,0,2.66,SE,1719274253
247,salaqi,40.5414,110.5108,21.95,29,12,2.11,CN,1719274254
248,kokopo,-4.352,152.2633,29.07,69,27,2.07,PG,1719274187
249,san rafael,-34.6177,-68.3301,5.09,55,100,2.73,AR,1719274159
250,tsarevo,42.1667,27.85,20.52,89,1,2.24,BG,1719274258
251,yakeshi,49.2833,120.7333,22.06,47,15,1.56,CN,1719274259
252,nambucca heads,-30.65,153.0,16.67,62,26,0.81,AU,1719274261
253,anadyr,64.75,177.4833,3.87,89,100,4.7,RU,1719274190
254,hasaki,35.7333,140.8333,27.94,75,69,2.43,JP,1719274265
255,tangalle,6.024,80.7911,25.74,86,100,5.35,LK,1719274130
256,broken hill,-31.95,141.4333,11.34,46,79,5.88,AU,1719274268
257,hammerfest,70.6634,23.6821,9.73,91,100,2.04,NO,1719274269
258,kisangani,0.5167,25.2,23.11,79,11,0.67,CD,1719274029
259,ingeniero guillermo n. juarez,-23.9,-61.85,13.64,68,100,3.39,AR,1719274272
260,kerikeri,-35.2268,173.9474,17.73,76,11,4.02,NZ,1719274180
261,correntina,-13.3433,-44.6367,20.03,44,2,1.24,BR,1719274275
262,darnah,32.767,22.6367,24.24,83,0,5.46,LY,1719274276
263,happy valley-goose bay,53.3168,-60.3315,10.14,96,80,2.06,CA,1719274277
264,tafuna,-14.3358,-170.72,26.71,66,100,9.13,AS,1719273989
265,taoudenni,22.6783,-3.9836,37.86,9,29,3.52,ML,1719274280
266,kalmunai,7.4167,81.8167,27.16,68,100,2.91,LK,1719274150
267,kruisfontein,-34.0033,24.7314,14.38,88,93,4.62,ZA,1719274283
268,nemuro,43.3236,145.575,12.44,99,100,3.18,JP,1719274055
269,takoradi,4.8845,-1.7554,24.64,92,100,3.21,GH,1719274286
270,arinos,-15.9169,-46.1056,20.4,47,0,0.58,BR,1719274287
271,kone,-21.0595,164.8658,28.51,51,17,1.55,NC,1719274288
272,sandnessjoen,66.0217,12.6316,12.03,91,100,12.42,NO,1719274290
273,la'ie,21.6477,-157.9253,28.58,71,36,4.47,US,1719274291
274,santiago de cao,-7.9589,-79.2392,17.26,86,3,5.87,PE,1719274292
275,kirakira,-10.4544,161.9205,29.05,77,87,5.4,SB,1719274295
276,santa cruz,-17.8,-63.1667,15.77,90,84,4.68,BO,1719273824
277,kavaratti,10.5669,72.642,27.61,85,100,12.1,IN,1719274232
278,rosalie,15.3667,-61.2667,27.36,85,89,7.31,DM,1719274299
279,gornozavodsk,58.3758,58.3211,12.91,99,54,1.6,RU,1719274300
280,mao,39.8885,4.2658,20.78,70,0,1.92,ES,1719274302
281,tezu,27.9167,96.1667,26.04,80,86,0.84,IN,1719274303
282,arenapolis,-14.4503,-56.8461,25.15,44,36,1.33,BR,1719274304
283,withernsea,53.7311,0.0335,19.5,91,100,4.33,GB,1719274306
284,apucarana,-23.5508,-51.4608,23.42,54,97,1.83,BR,1719274167
285,daru,-9.0763,143.2092,26.16,92,100,5.27,PG,1719274308
286,the pas,53.8251,-101.2541,15.03,91,99,7.82,CA,1719274310
287,naliya,23.2667,68.8333,28.87,84,92,5.05,IN,1719274311
288,cole harbour,44.6724,-63.4751,15.52,95,100,0.89,CA,1719274312
289,birzebbuga,35.8258,14.5269,23.97,77,56,4.5,MT,1719274314
290,pazardzhik,42.2,24.3333,19.13,79,78,0.61,BG,1719274317
291,jamaame,0.0697,42.745,24.58,77,98,5.82,SO,1719274318
292,port saint john's,-31.6229,29.5448,17.98,61,6,3.51,ZA,1719274319
293,blenheim,-41.516,173.9528,11.4,89,100,1.44,NZ,1719274321
294,tindouf,27.6711,-8.1474,23.98,51,0,8.75,DZ,1719274322
295,touros,-5.1989,-35.4608,24.27,90,28,3.88,BR,1719274324
296,cachoeiras de macacu,-22.4625,-42.6531,19.46,62,0,2.73,BR,1719274325
297,antsiranana,-12.2787,49.2917,23.34,68,50,8.62,MG,1719274326
298,rapar,23.5667,70.6333,29.88,69,97,2.29,IN,1719274091
299,taroa,8.7058,171.2275,27.92,83,99,8.86,MH,1719274329
300,durban,-29.8579,31.0292,16.55,51,0,2.31,ZA,1719274087
301,villa regina,-39.1,-67.0667,4.99,44,8,0.45,AR,1719274332
302,bhimunipatnam,17.8833,83.4333,28.29,76,94,4.02,IN,1719274333
303,ambositra,-20.5167,47.25,10.45,94,98,2.07,MG,1719274150
304,roma,43.2128,-75.4557,21.49,76,88,3.3,US,1719274336
305,pizarro,4.9533,-77.366,26.82,83,59,2.46,CO,1719274337
306,marshfield,44.6689,-90.1718,26.36,88,92,3.01,US,1719274039
307,hawaiian paradise park,19.5933,-154.9731,28.18,71,46,2.24,US,1719274340
308,namibe,-15.1961,12.1522,20.4,71,0,1.41,AO,1719274341
309,al fashn,28.8243,30.8995,29.88,33,0,5.29,EG,1719274343
310,krasnoshchekovo,51.6708,82.7289,20.76,78,42,1.7,RU,1719274344
311,guarapari,-20.6667,-40.4975,22.41,79,2,4.05,BR,1719274057
312,vorkuta,67.5,64.0,12.29,64,67,5.02,RU,1719274347
313,red chute,32.556,-93.6132,34.91,64,98,1.05,US,1719274348
314,shenjiamen,29.9576,122.298,21.79,98,100,2.33,CN,1719274350
315,oranjemund,-28.55,16.4333,13.64,93,17,8.24,NA,1719274351
316,miguel pereira,-22.4539,-43.4689,19.73,61,0,2.73,BR,1719274352
317,llandrindod wells,52.2416,-3.3787,17.19,96,34,1.07,GB,1719274354
318,keflavik,64.0049,-22.5624,8.5,83,100,9.4,IS,1719274089
319,nantucket,41.2835,-70.0995,23.94,85,73,9.21,US,1719274202
320,fontanelas,38.8472,-9.4372,17.12,90,83,9.87,PT,1719274358
321,wajir,1.7471,40.0573,23.25,60,72,8.12,KE,1719274361
322,santarem,-2.4431,-54.7083,26.78,68,67,1.29,BR,1719274192
323,lascano,-33.6667,-54.2,9.06,56,72,4.19,UY,1719274363
324,raja,8.4596,25.678,21.18,90,78,1.6,SS,1719274365
325,mabaruma,8.2,-59.7833,22.93,100,80,1.03,GY,1719274366
326,along,28.1667,94.7667,22.25,98,82,0.12,IN,1719274367
327,mount gambier,-37.8333,140.7667,8.13,88,84,4.57,AU,1719274369
328,lakeville,44.6497,-93.2427,29.73,72,72,1.34,US,1719274162
329,tidjikja,18.5564,-11.4271,34.57,13,5,3.15,MR,1719274128
330,luderitz,-26.6481,15.1594,17.32,53,0,5.0,NA,1719274162
331,olavarria,-36.8927,-60.3225,5.87,70,100,3.39,AR,1719274226
332,ust'-ilimsk,58.0006,102.6619,15.91,74,15,0.12,RU,1719274376
333,praia,14.9215,-23.5087,22.25,81,64,4.61,CV,1719274377
334,pereyaslovskaya,45.8412,39.0238,20.74,55,15,3.06,RU,1719274378
335,halfway,39.6207,-77.7589,27.03,47,14,3.95,US,1719274380
336,merizo village,13.2658,144.6691,30.55,78,5,7.76,GU,1719274381
337,coyhaique,-45.5752,-72.0662,-1.82,98,68,2.53,CL,1719274164
338,karauli,26.5,77.0167,32.61,57,38,1.39,IN,1719274384
339,klaksvik,62.2266,-6.589,8.72,91,100,4.51,FO,1719274385
340,tyumentsevo,53.3224,81.498,22.97,81,92,2.28,RU,1719274386
341,kigali,-1.95,30.0588,13.15,81,5,1.18,RW,1719274388
342,at taj,24.2049,23.2857,28.25,20,0,4.41,LY,1719274389
343,amga,60.8953,131.9608,23.12,41,68,2.9,RU,1719274391
344,badger,64.8,-147.5333,25.45,32,89,1.86,US,1719274392
345,przysucha,51.3586,20.6289,18.02,84,95,1.9,PL,1719274393
346,san rafael del sur,11.8485,-86.4384,26.38,85,84,2.67,NI,1719274395
347,illizi,26.4833,8.4667,34.67,7,29,2.87,DZ,1719274396
348,udachny,66.4167,112.4,24.18,38,23,8.64,RU,1719274397
349,tame,6.461,-71.73,23.46,87,43,1.72,CO,1719274399
350,yeppoon,-23.1333,150.7333,22.36,69,26,4.11,AU,1719274400
351,tubarjal,30.4999,38.216,28.68,29,35,7.05,SA,1719274211
352,les avirons,-21.2418,55.3394,15.0,77,4,7.08,RE,1719274404
353,pangody,65.85,74.4859,18.86,76,81,3.82,RU,1719274406
354,sovetskaya gavan',48.9723,140.2878,8.83,90,100,2.46,RU,1719274407
355,mariehamn,60.0973,19.9348,15.46,65,27,3.51,AX,1719274408
356,la ronge,55.1001,-105.2842,13.9,96,100,2.67,CA,1719274166
357,karratha,-20.7377,116.8463,19.57,43,13,5.13,AU,1719274411
358,walvis bay,-22.9575,14.5053,20.21,31,44,4.2,NA,1719274412
359,mount pearl,47.5166,-52.7813,15.25,97,100,4.02,CA,1719274414
360,puerto baquerizo moreno,-0.9,-89.6,21.46,84,65,4.56,EC,1719274415
361,minden,52.2833,8.9167,18.88,86,9,1.44,DE,1719274416
362,bochum,51.4833,7.2167,20.28,79,2,1.61,DE,1719274418
363,micheweni,-4.9667,39.8333,24.2,79,45,6.41,TZ,1719274419
364,georgetown,5.4112,100.3354,26.58,83,99,2.23,MY,1719274417
365,brokopondo,4.75,-55.1667,26.02,84,100,4.49,SR,1719274422
366,eirunepe,-6.6603,-69.8736,27.21,66,84,1.07,BR,1719274423
367,el calafate,-50.3408,-72.2768,-4.5,67,66,0.45,AR,1719274315
368,redencao,-4.2258,-38.7306,22.1,95,31,0.96,BR,1719274426
369,nagqu,31.5,92.0,7.0,75,81,1.16,CN,1719274237
370,verkhotur'ye,58.8627,60.8054,14.54,98,83,1.63,RU,1719274429
371,emerald,-23.5333,148.1667,16.86,56,0,5.77,AU,1719274430
372,pokhara,28.2333,83.9833,22.83,85,82,0.64,NP,1719274411
373,mossendjo,-2.9506,12.7261,19.55,98,50,0.35,CG,1719274433
374,iskateley,67.6803,53.1512,5.42,95,100,8.07,RU,1719274434
375,urucara,-2.5364,-57.76,26.2,70,93,0.27,BR,1719274435
376,bukama,-9.2,25.85,18.02,43,22,1.12,CD,1719274437
377,magadan,59.5667,150.8,10.18,86,64,2.92,RU,1719274438
378,palmital,-22.7889,-50.2175,23.38,46,8,3.05,BR,1719274440
379,dolores,-36.3132,-57.6792,5.64,85,87,3.07,AR,1719274264
380,sheregesh,52.9209,87.9869,19.39,76,4,1.34,RU,1719274442
381,chengde,40.9725,117.9361,23.61,35,5,0.8,CN,1719274444
382,gwanda,-20.9333,29.0,13.06,90,100,1.58,ZW,1719274445
383,san patricio,28.017,-97.5169,32.14,65,51,4.63,US,1719274446
384,bandarbeyla,9.4942,50.8122,27.64,61,76,12.79,SO,1719274448
385,igarka,67.4667,86.5833,20.22,64,59,4.25,RU,1719274449
386,gamay,12.3854,125.2979,26.58,92,100,1.47,PH,1719274451
387,rinteln,52.186,9.0792,18.79,86,0,0.45,DE,1719274452
388,kostomuksha,64.571,30.5767,10.27,82,98,3.07,RU,1719274453
389,ngorongoro,-3.2397,35.4875,7.32,80,19,3.22,TZ,1719274455
390,constitucion,-35.3333,-72.4167,7.3,78,1,2.44,CL,1719274456
391,pangoa,-12.1167,-73.0,24.31,78,74,0.79,PE,1719274457
392,mersrags,57.3354,23.1246,14.73,81,29,3.43,LV,1719274459
393,aketi,2.7388,23.7833,21.62,97,81,0.69,CD,1719274460
394,sosnovka,56.255,51.2842,8.23,75,99,4.71,RU,1719274330
395,araguaina,-7.1911,-48.2072,23.85,64,47,1.39,BR,1719274463
396,manokwari,-0.8667,134.0833,26.63,79,100,0.88,ID,1719274464
397,belomorsk,64.5232,34.7668,11.24,95,34,2.32,RU,1719274466
398,pontian kechil,1.4866,103.3896,29.54,87,43,1.79,MY,1719274467
399,irving,32.814,-96.9489,36.54,53,5,5.4,US,1719274365
400,gunnison,38.7,-107.0673,24.33,29,74,3.02,US,1719274470
401,fuerte olimpo,-21.0415,-57.8738,19.96,76,90,3.61,PY,1719274471
402,mhamid,29.82,-5.72,32.75,9,0,2.82,MA,1719274473
403,loukhi,66.0764,33.0381,11.48,91,86,1.38,RU,1719274474
404,mios,44.6049,-0.9333,18.58,95,0,1.61,FR,1719274475
405,utrik,11.2278,169.8474,28.08,77,44,8.43,MH,1719274477
406,xianyang,34.3378,108.7026,27.12,32,0,4.08,CN,1719274478
407,verkhnevilyuysk,63.4453,120.3167,22.64,56,63,2.63,RU,1719274479
408,williams lake,52.1415,-122.1445,17.45,44,89,1.42,CA,1719274204
409,gordonvale,-17.0936,145.7842,26.06,77,74,2.01,AU,1719274482
410,usinsk,65.9939,57.5281,11.41,91,100,7.97,RU,1719274484
411,woolgoolga,-30.1106,153.2007,16.72,67,1,2.68,AU,1719274485
412,ixtlan del rio,21.0333,-104.3667,24.3,81,100,2.79,MX,1719274486
413,chernomorskoye,45.5039,32.6997,22.15,72,8,7.92,UA,1719274488
414,burela de cabo,43.65,-7.4,17.79,95,45,2.36,ES,1719274489
415,lucea,18.451,-78.1736,29.36,79,93,2.48,JM,1719274490
416,humaita,-7.5061,-63.0208,28.4,46,35,1.39,BR,1719274342
417,shimoda,34.6667,138.95,26.72,77,67,7.21,JP,1719274493
418,velikiy ustyug,60.7644,46.3106,5.25,93,85,2.86,RU,1719274495
419,chibougamau,49.9168,-74.3659,19.54,50,4,2.72,CA,1719274496
420,nadi,-17.8,177.4167,28.27,55,69,2.09,FJ,1719274498
421,bubaque,11.2833,-15.8333,27.25,82,92,3.83,GW,1719274500
422,fisterra,42.9049,-9.2629,18.9,92,35,8.13,ES,1719274501
423,umm kaddadah,13.6017,26.6876,30.28,41,70,6.02,SD,1719274502
424,camarinas,43.1311,-9.1817,18.99,93,59,7.36,ES,1719274504
425,shkoder,42.0683,19.5126,22.75,90,1,1.48,AL,1719274270
426,alofi,-19.0595,-169.9187,23.52,66,99,8.58,NU,1719274507
427,giyani,-23.3025,30.7187,17.39,69,99,1.78,ZA,1719274508
428,cidade velha,14.9167,-23.6167,22.72,81,48,1.75,CV,1719274509
429,tateyama,34.9833,139.8667,24.86,87,72,5.9,JP,1719274511
430,bodo,67.28,14.405,10.53,94,100,1.79,NO,1719274512
431,carnot,4.9409,15.8665,21.02,97,93,0.78,CF,1719274514
432,arkalyk,50.2486,66.9114,16.66,65,74,7.65,KZ,1719274515
433,hudiksvall,61.729,17.1036,12.92,73,15,1.6,SE,1719274516
434,akureyri,65.6835,-18.0878,8.55,75,63,4.52,IS,1719274518
435,gamba,-2.65,10.0,21.33,94,66,1.91,GA,1719274519
436,tra mhor,52.1624,-7.1524,15.66,81,96,1.34,IE,1719274520
437,port macquarie,-31.4333,152.9167,16.61,71,13,0.89,AU,1719274522
438,obudu,6.6674,9.1716,23.1,96,99,1.31,NG,1719274523
439,prata,-19.3072,-48.9242,21.38,44,0,1.21,BR,1719274526
440,genhe,50.7833,121.5167,24.46,40,17,1.52,CN,1719274527
441,kaset sombun,16.2805,101.9542,25.08,92,100,1.35,TH,1719274529
442,souillac,-20.5167,57.5167,20.19,80,40,6.49,MU,1719274530
443,yazman,29.1212,71.7446,35.04,24,0,3.3,PK,1719274531
444,yemva,62.59,50.8594,8.45,89,88,4.3,RU,1719274533
445,pointe-du-lac,46.2869,-72.6845,20.44,77,53,1.56,CA,1719274534
446,berdigestyakh,62.0989,126.6992,23.8,44,57,4.7,RU,1719274535
447,leava,-14.3,-178.1667,27.32,67,100,7.73,WF,1719274511
448,santa ana,33.7456,-117.8678,36.7,40,0,3.58,US,1719274489
449,aleg,17.0481,-13.9209,32.01,36,1,8.32,MR,1719274540
450,menongue,-14.6585,17.691,9.47,67,1,1.93,AO,1719274541
451,ketchikan,55.3422,-131.6461,15.75,81,100,1.98,US,1719274542
452,debre werk',10.6667,38.1667,13.91,78,82,1.16,ET,1719274544
453,nar'yan-mar,67.6713,53.087,5.45,95,100,8.07,RU,1719274545
454,chunskiy,56.0815,99.6342,14.28,80,65,0.85,RU,1719274546
455,jeremoabo,-10.075,-38.4808,20.05,96,66,2.0,BR,1719274548
456,carnarvon,-24.8667,113.6333,15.58,48,0,4.43,AU,1719274549
457,alesund,62.4723,6.1549,15.05,79,29,0.72,NO,1719274550
458,petrozavodsk,61.7849,34.3469,10.94,98,15,2.37,RU,1719274552
459,trairi,-3.2778,-39.2689,24.56,86,19,3.27,BR,1719274336
460,mocimboa,-11.3167,40.35,22.75,75,56,4.26,MZ,1719274556
461,dhar,22.6,75.3,25.1,86,92,2.24,IN,1719274557
462,ploneour-lanvern,47.9,-4.2833,18.65,86,86,3.43,FR,1719274559
463,farasan,16.7022,42.1183,31.59,72,70,2.52,SA,1719274560
464,aubigny-sur-nere,47.4882,2.439,14.49,85,0,3.38,FR,1719274561
465,waupun,43.6333,-88.7296,27.22,83,47,3.94,US,1719274563
466,fortaleza,-3.7227,-38.5247,25.68,84,22,3.84,BR,1719274360
467,vila velha,-20.3297,-40.2925,23.97,75,1,4.18,BR,1719274566
468,namie,37.4833,141.0,28.73,73,82,0.45,JP,1719274567
469,ishigaki,24.3448,124.1572,29.07,78,12,8.1,JP,1719274568
470,phan rang-thap cham,11.5667,108.9833,26.74,73,100,0.6,VN,1719274571
471,oak harbor,48.2932,-122.6432,22.28,77,16,4.92,US,1719274561
472,mel'nikovo,56.5558,84.085,21.17,86,35,1.22,RU,1719274574
473,machico,32.7,-16.7667,21.11,91,0,6.67,PT,1719274575
474,am timan,11.0297,20.2827,23.35,72,83,4.25,TD,1719274577
475,lospalos,-8.5186,127.0025,22.46,83,98,3.86,TL,1719274578
476,marsabit,2.3284,37.9899,16.18,72,57,8.48,KE,1719274579
477,codrington,-38.2667,141.9667,10.99,65,83,7.62,AU,1719274581
478,afega,-13.7973,-171.8531,26.78,69,90,9.18,WS,1719274582
479,fernie,49.5,-115.0687,22.27,25,7,6.44,CA,1719274504
480,mbekenyera,-10.0,38.9833,19.62,72,6,2.83,TZ,1719274585
481,kotabumi,-4.8333,104.9,24.35,92,50,0.68,ID,1719274586
482,trondheim,63.4305,10.3951,13.88,80,85,0.08,NO,1719274497
483,oneonta,42.4529,-75.0638,20.45,93,83,3.73,US,1719274584
484,kareli,22.9167,79.0667,29.8,65,53,1.83,IN,1719274592
485,forster,-32.1667,152.5167,16.83,71,1,2.06,AU,1719274593
486,smithers,54.7804,-127.1743,14.14,65,100,2.42,CA,1719274594
487,nova vicosa,-17.8919,-39.3719,22.97,87,2,3.15,BR,1719274597
488,crucecita,-28.95,-58.9833,11.87,59,100,5.9,AR,1719274600
489,la punta,-33.1837,-66.3127,4.88,64,98,2.44,AR,1719274601
490,tobati,-25.25,-57.0667,16.6,97,100,3.56,PY,1719274603
491,palikir - national government center,6.9248,158.1611,27.96,81,69,8.08,FM,1719274604
492,timmins,48.4669,-81.3331,22.59,59,30,2.38,CA,1719274447
493,papao,-17.75,-149.55,23.81,72,93,8.31,PF,1719274607
494,aleksandrov gay,50.147,48.5704,17.44,72,72,2.49,RU,1719274608
495,teknaf,20.8624,92.3058,27.08,89,91,2.25,BD,1719274511
496,tazacorte,28.629,-17.9293,20.08,91,0,0.89,ES,1719274611
497,mindelo,16.8901,-24.9804,22.57,78,49,7.54,CV,1719274612
498,yuanping,38.7153,112.7575,20.81,36,39,0.67,CN,1719274614
499,ar ruways,24.1103,52.7306,34.47,42,6,5.1,AE,1719274615
500,kapa'a,22.0752,-159.319,26.77,76,84,4.02,US,1719274616
501,aykhal,66.0,111.5,22.85,39,58,7.81,RU,1719274618
502,harbin,45.75,126.65,18.24,74,34,2.51,CN,1719274619
503,mariental,-24.6333,17.9667,11.72,45,2,4.99,NA,1719274620
504,lobujya,27.95,86.8167,3.17,79,97,1.22,NP,1719274622
505,altai,46.3722,96.2583,14.98,60,99,5.12,MN,1719274623
506,musanze,-1.4998,29.635,11.64,94,0,0.93,RW,1719274624
507,chaplynka,46.3651,33.5403,18.76,68,65,3.75,UA,1719274626
508,i-n-salah,27.1935,2.4607,36.28,7,0,3.69,DZ,1719274627
509,klyuchi,52.2667,79.1667,22.52,72,97,1.32,RU,1719274629
510,borgarnes,64.5383,-21.9206,8.78,91,100,3.16,IS,1719274630
511,mogadishu,2.0371,45.3438,25.09,84,75,8.53,SO,1719274631
512,singkawang,0.9,109.0,25.68,83,39,1.52,ID,1719274633
513,quelimane,-17.8786,36.8883,19.42,91,40,2.12,MZ,1719274634
514,kyren,51.6828,102.1408,17.2,81,4,0.52,RU,1719274635
515,kaduy,59.2,37.15,10.04,89,69,2.41,RU,1719274637
516,santa terezinha,-29.9002,-50.0904,13.87,72,82,5.02,BR,1719274638
517,katabu,-4.9333,122.5167,25.18,89,79,1.0,ID,1719274639
518,son la,21.3167,103.9,22.3,97,100,0.48,VN,1719274641
519,boden,65.8252,21.6886,11.58,75,100,1.86,SE,1719274642
520,banfora,10.6333,-4.7667,25.86,80,100,0.94,BF,1719274644
521,murghob,38.1702,73.9667,7.58,59,21,1.11,TJ,1719274645
522,coquimbo,-29.9533,-71.3436,11.1,75,8,3.93,CL,1719274646
523,virginia beach,36.8529,-75.978,28.36,73,74,0.89,US,1719274617
524,island harbour,50.724,-1.2758,16.37,91,6,0.58,GB,1719274649
525,hauterive,46.0901,3.4459,19.31,95,1,0.62,FR,1719274650
526,andergrove,-21.0833,149.1833,24.25,71,65,2.79,AU,1719274652
527,bowen,-20.0167,148.2333,21.11,74,64,5.13,AU,1719274653
528,baie-saint-paul,47.4411,-70.4986,22.81,82,65,1.85,CA,1719274655
529,longonjo,-12.9067,15.2533,12.67,51,0,1.95,AO,1719274656
530,wangqing,43.3218,129.7634,12.78,99,100,0.64,CN,1719274657
531,nizhneangarsk,55.7833,109.55,10.17,93,91,1.27,RU,1719274659
532,sarupathar,26.1984,93.8094,24.99,98,100,0.51,IN,1719274660
533,saint-joseph,-21.3667,55.6167,16.17,81,24,6.46,RE,1719274514
534,rio grande,-32.035,-52.0986,11.08,70,71,7.43,BR,1719274542
535,sur,22.5667,59.5289,32.76,52,83,3.19,OM,1719274664
536,imbituba,-28.24,-48.6703,14.03,85,100,4.94,BR,1719274665
537,piat,17.7905,121.478,25.47,92,100,1.14,PH,1719274667
538,pointe-noire,-4.7761,11.8635,21.87,95,54,1.68,CG,1719274668
539,shantobe,52.4581,68.1839,14.85,75,72,7.14,KZ,1719274669
540,acapulco de juarez,16.8634,-99.8901,25.33,82,100,2.27,MX,1719274509
541,briviesca,42.5499,-3.3232,12.49,86,0,0.89,ES,1719274672
542,sampit,-2.5333,112.95,23.99,92,58,0.76,ID,1719274674
543,kampene,-3.6,26.6667,19.61,58,18,1.1,CD,1719274678
544,broome,42.2506,-75.833,21.29,64,12,1.79,US,1719274679
545,jiazi,22.8779,116.067,28.56,80,100,3.12,CN,1719274681
546,tarfaya,27.9358,-12.9218,19.69,82,84,7.59,MA,1719274682
547,mpika,-11.8343,31.4529,8.26,93,2,1.86,ZM,1719274685
548,mirpur sakro,24.5474,67.6277,29.03,79,100,5.93,PK,1719274686
549,kayes,14.0,-11.0,30.99,35,91,1.77,ML,1719274687
550,la sarre,48.8002,-79.1996,20.43,70,39,3.34,CA,1719274586
551,cox's bazar,21.4532,91.9798,27.14,88,100,2.4,BD,1719274692
552,serowe,-22.3833,26.7167,13.26,79,95,2.67,BW,1719274693
553,yelizovo,53.1873,158.3805,14.66,70,37,1.65,RU,1719274695
554,mount darwin,-16.7725,31.5838,14.1,78,54,2.1,ZW,1719274696
555,portland,45.5234,-122.6762,26.4,45,0,1.79,US,1719274548
556,zhanibek,49.4167,46.85,15.89,88,48,1.39,KZ,1719274699
557,beloyarskiy,63.7119,66.6722,18.02,96,99,2.14,RU,1719274700
558,sirte,31.2089,16.5887,26.15,63,0,6.9,LY,1719274701
559,ujae,8.9322,165.7642,26.47,87,100,7.15,MH,1719274703
560,saint ann's bay,18.4358,-77.201,27.89,83,86,6.38,JM,1719274704
561,otofuke,42.9917,143.2003,17.83,88,99,1.35,JP,1719274705
562,butembo,0.15,29.2833,13.91,74,0,1.7,CD,1719274707
